work_year,experience_level,employment_type,job_title,salary,salary_currency,salary_in_usd,employee_residence,remote_ratio,company_location,company_size
2023,SE,FT,Principal Data Scientist,80000,EUR,85847,ES,100,ES,L
2023,MI,CT,ML Engineer,30000,USD,30000,US,100,US,S
2023,MI,CT,ML Engineer,25500,USD,25500,US,100,US,S
2023,SE,FT,Data Scientist,175000,USD,175000,CA,100,CA,M
2023,SE,FT,Data Scientist,120000,USD,120000,CA,100,CA,M
2023,SE,FT,Applied Scientist,222200,USD,222200,US,0,US,L
2023,SE,FT,Applied Scientist,136000,USD,136000,US,0,US,L
2023,SE,FT,Data Scientist,219000,USD,219000,CA,0,CA,M
2023,SE,FT,Data Scientist,141000,USD,141000,CA,0,CA,M
2023,SE,FT,Data Scientist,147100,USD,147100,US,0,US,M
2023,SE,FT,Data Scientist,90700,USD,90700,US,0,US,M
2023,SE,FT,Data Analyst,130000,USD,130000,US,100,US,M
2023,SE,FT,Data Analyst,100000,USD,100000,US,100,US,M
2023,EN,FT,Applied Scientist,213660,USD,213660,US,0,US,L
2023,EN,FT,Applied Scientist,130760,USD,130760,US,0,US,L
2023,SE,FT,Data Modeler,147100,USD,147100,US,0,US,M
2023,SE,FT,Data Modeler,90700,USD,90700,US,0,US,M
2023,SE,FT,Data Scientist,170000,USD,170000,US,0,US,M
2023,SE,FT,Data Scientist,150000,USD,150000,US,0,US,M
2023,MI,FT,Data Analyst,150000,USD,150000,US,100,US,M
2023,MI,FT,Data Analyst,110000,USD,110000,US,100,US,M
2023,SE,FT,Research Engineer,275000,USD,275000,DE,0,DE,M
2023,SE,FT,Research Engineer,174000,USD,174000,DE,0,DE,M
2023,SE,FT,Analytics Engineer,230000,USD,230000,GB,100,GB,M
2023,SE,FT,Analytics Engineer,143200,USD,143200,GB,100,GB,M
2023,SE,FT,Business Intelligence Engineer,225000,USD,225000,US,0,US,M
2023,SE,FT,Business Intelligence Engineer,156400,USD,156400,US,0,US,M
2023,SE,FT,Machine Learning Engineer,200000,USD,200000,US,0,US,M
2023,SE,FT,Machine Learning Engineer,130000,USD,130000,US,0,US,M
2023,SE,FT,Data Strategist,90000,USD,90000,CA,0,CA,M
2023,SE,FT,Data Strategist,72000,USD,72000,CA,0,CA,M
2023,SE,FT,Data Engineer,253200,USD,253200,US,0,US,M
2023,SE,FT,Data Engineer,90700,USD,90700,US,0,US,M
2023,SE,FT,Computer Vision Engineer,342810,USD,342810,US,0,US,M
2023,SE,FT,Computer Vision Engineer,184590,USD,184590,US,0,US,M
2023,MI,FT,Data Engineer,162500,USD,162500,US,0,US,M
2023,MI,FT,Data Engineer,130000,USD,130000,US,0,US,M
2023,MI,FT,Data Analyst,105380,USD,105380,US,0,US,M
2023,MI,FT,Data Analyst,64500,USD,64500,US,0,US,M
2023,EN,FT,Data Quality Analyst,100000,USD,100000,NG,100,NG,L
2023,EN,FT,Compliance Data Analyst,30000,USD,30000,NG,100,NG,L
2022,MI,FT,Machine Learning Engineer,1650000,INR,20984,IN,50,IN,L
2023,EN,FT,Applied Scientist,204620,USD,204620,US,0,US,L
2023,EN,FT,Applied Scientist,110680,USD,110680,US,0,US,L
2023,SE,FT,Data Engineer,270703,USD,270703,US,0,US,M
2023,SE,FT,Data Engineer,221484,USD,221484,US,0,US,M
2023,SE,FT,Data Scientist,212750,USD,212750,US,100,US,M
2023,SE,FT,Data Scientist,185000,USD,185000,US,100,US,M
2023,SE,FT,Data Scientist,262000,USD,262000,US,100,US,M
2023,SE,FT,Data Scientist,245000,USD,245000,US,100,US,M
2023,SE,FT,Data Scientist,275300,USD,275300,US,100,US,M
2023,SE,FT,Data Scientist,183500,USD,183500,US,100,US,M
2023,SE,FT,Data Scientist,218500,USD,218500,US,100,US,M
2023,SE,FT,Data Scientist,199098,USD,199098,US,100,US,M
2023,SE,FT,Data Engineer,203300,USD,203300,US,100,US,M
2023,SE,FT,Data Engineer,123600,USD,123600,US,100,US,M
2023,SE,FT,Research Engineer,189110,USD,189110,US,0,US,M
2023,SE,FT,Research Engineer,139000,USD,139000,US,0,US,M
2023,EX,FT,Data Scientist,258750,USD,258750,US,0,US,M
2023,EX,FT,Data Scientist,185000,USD,185000,US,0,US,M
2023,SE,FT,Data Engineer,231500,USD,231500,US,100,US,M
2023,SE,FT,Data Engineer,166000,USD,166000,US,100,US,M
2023,SE,FT,Data Scientist,172500,USD,172500,US,100,US,M
2023,SE,FT,Data Scientist,110500,USD,110500,US,100,US,M
2023,SE,FT,Data Engineer,238000,USD,238000,US,0,US,M
2023,SE,FT,Data Engineer,176000,USD,176000,US,0,US,M
2023,SE,FT,Data Engineer,237000,USD,237000,US,100,US,M
2023,SE,FT,Data Engineer,201450,USD,201450,US,100,US,M
2023,SE,FT,Applied Scientist,309400,USD,309400,US,0,US,L
2023,SE,FT,Applied Scientist,159100,USD,159100,US,0,US,L
2023,SE,FT,Data Engineer,115000,USD,115000,US,0,US,M
2023,SE,FT,Data Engineer,81500,USD,81500,US,0,US,M
2023,SE,FT,Data Scientist,237000,USD,237000,US,100,US,M
2023,SE,FT,Data Scientist,201450,USD,201450,US,100,US,M
2023,SE,FT,Computer Vision Engineer,280000,USD,280000,US,0,US,M
2023,SE,FT,Computer Vision Engineer,210000,USD,210000,US,0,US,M
2023,SE,FT,Data Architect,280100,USD,280100,US,100,US,M
2023,SE,FT,Data Architect,168100,USD,168100,US,100,US,M
2023,SE,FT,Data Engineer,193500,USD,193500,US,100,US,M
2023,SE,FT,Data Engineer,139000,USD,139000,US,100,US,M
2023,MI,FT,Data Scientist,510000,HKD,65062,HK,0,HK,L
2023,SE,FT,Machine Learning Engineer,150000,USD,150000,PT,100,US,M
2023,MI,FT,Applied Machine Learning Engineer,65000,EUR,69751,IN,100,DE,S
2022,EN,FT,AI Developer,300000,USD,300000,IN,50,IN,L
2023,MI,FT,Machine Learning Engineer,90000,EUR,96578,NL,100,NL,L
2023,SE,FT,Business Intelligence Engineer,185900,USD,185900,US,0,US,M
2023,SE,FT,Business Intelligence Engineer,129300,USD,129300,US,0,US,M
2023,SE,FT,Data Engineer,225000,USD,225000,US,100,US,M
2023,SE,FT,Data Engineer,175000,USD,175000,US,100,US,M
2023,SE,FT,Data Engineer,185000,USD,185000,US,0,US,M
2023,SE,FT,Data Engineer,140000,USD,140000,US,0,US,M
2023,SE,FT,Data Scientist,45000,EUR,48289,ES,0,ES,M
2023,SE,FT,Data Scientist,36000,EUR,38631,ES,0,ES,M
2023,SE,FT,Data Scientist,105000,USD,105000,US,0,US,M
2023,SE,FT,Data Scientist,70000,USD,70000,US,0,US,M
2023,EN,FT,Machine Learning Engineer,163196,USD,163196,US,0,US,M
2023,EN,FT,Machine Learning Engineer,145885,USD,145885,US,0,US,M
2023,SE,FT,Data Engineer,217000,USD,217000,US,100,US,M
2023,SE,FT,Data Engineer,185000,USD,185000,US,100,US,M
2023,SE,FT,Data Analyst,202800,USD,202800,US,0,US,L
2023,SE,FT,Data Analyst,104300,USD,104300,US,0,US,L
2023,SE,FT,Data Analyst,145000,USD,145000,US,0,US,M
2023,SE,FT,Data Analyst,65000,USD,65000,US,0,US,M
2023,SE,FT,Data Engineer,165000,USD,165000,US,0,US,M
2023,SE,FT,Data Engineer,132300,USD,132300,US,0,US,M
2023,SE,FT,Data Engineer,179170,USD,179170,US,0,US,M
2023,SE,FT,Data Engineer,94300,USD,94300,US,0,US,M
2023,SE,FT,Analytics Engineer,152500,USD,152500,US,0,US,M
2023,SE,FT,Analytics Engineer,116450,USD,116450,US,0,US,M
2023,SE,FT,Data Engineer,247300,USD,247300,US,0,US,M
2023,SE,FT,Data Engineer,133800,USD,133800,US,0,US,M
2023,SE,FT,Research Engineer,203000,USD,203000,US,0,US,M
2023,SE,FT,Research Engineer,133000,USD,133000,US,0,US,M
2023,EN,FT,Research Scientist,220000,USD,220000,US,50,US,L
2022,EN,FT,Machine Learning Engineer,54000,CHF,56536,CH,100,CH,S
2023,SE,FT,Data Scientist,150000,USD,150000,US,0,US,M
2023,SE,FT,Data Scientist,120000,USD,120000,US,0,US,M
2023,SE,FT,Analytics Engineer,289800,USD,289800,US,0,US,M
2023,SE,FT,Analytics Engineer,214000,USD,214000,US,0,US,M
2023,SE,FT,Analytics Engineer,179820,USD,179820,US,0,US,M
2023,SE,FT,Analytics Engineer,143860,USD,143860,US,0,US,M
2023,SE,FT,Machine Learning Engineer,283200,USD,283200,US,100,US,M
2023,SE,FT,Machine Learning Engineer,188800,USD,188800,US,100,US,M
2023,SE,FT,Analytics Engineer,289800,USD,289800,US,0,US,M
2023,SE,FT,Analytics Engineer,214200,USD,214200,US,0,US,M
2023,SE,FT,Data Engineer,185900,USD,185900,US,0,US,M
2023,SE,FT,Data Engineer,129300,USD,129300,US,0,US,M
2023,SE,FT,Data Engineer,252000,USD,252000,US,0,US,M
2023,SE,FT,Data Engineer,129000,USD,129000,US,0,US,M
2023,MI,FT,Data Analytics Manager,155000,USD,155000,US,0,US,M
2023,MI,FT,Data Analytics Manager,140000,USD,140000,US,0,US,M
2023,SE,FT,Data Engineer,161800,USD,161800,US,100,US,M
2023,SE,FT,Data Engineer,141600,USD,141600,US,100,US,M
2023,SE,FT,Machine Learning Engineer,342300,USD,342300,US,0,US,L
2023,SE,FT,Machine Learning Engineer,176100,USD,176100,US,0,US,L
2023,MI,FT,Data Engineer,100000,USD,100000,US,100,US,M
2023,MI,FT,Data Engineer,70000,USD,70000,US,100,US,M
2023,EN,FT,Data Engineer,85000,USD,85000,US,0,US,M
2023,EN,FT,Data Engineer,65000,USD,65000,US,0,US,M
2023,SE,FT,Data Scientist,138784,USD,138784,US,100,US,M
2023,SE,FT,Data Scientist,83270,USD,83270,US,100,US,M
2023,EN,FT,Data Analyst,75000,USD,75000,US,0,US,M
2023,EN,FT,Data Analyst,70000,USD,70000,US,0,US,M
2023,SE,FT,Data Analyst,204500,USD,204500,US,0,US,M
2023,SE,FT,Data Analyst,138900,USD,138900,US,0,US,M
2023,SE,FT,Machine Learning Engineer,318300,USD,318300,US,100,US,M
2023,SE,FT,Machine Learning Engineer,212200,USD,212200,US,100,US,M
2023,SE,FT,Data Engineer,95000,USD,95000,US,100,US,M
2023,SE,FT,Data Engineer,75000,USD,75000,US,100,US,M
2023,SE,FT,Data Scientist,195000,USD,195000,US,0,US,M
2023,SE,FT,Data Scientist,160000,USD,160000,US,0,US,M
2023,SE,FT,Analytics Engineer,230000,USD,230000,US,0,US,M
2023,SE,FT,Analytics Engineer,143200,USD,143200,US,0,US,M
2023,MI,FT,Data Engineer,100000,USD,100000,US,100,US,M
2023,MI,FT,Data Engineer,70000,USD,70000,US,100,US,M
2023,MI,FT,Business Data Analyst,105000,USD,105000,US,50,US,L
2023,MI,FT,Applied Data Scientist,1700000,INR,20670,IN,100,IN,L
2023,MI,FT,Data Analyst,38000,GBP,46178,GB,0,GB,M
2023,MI,FT,Data Analyst,35000,GBP,42533,GB,0,GB,M
2023,SE,FT,Data Engineer,145000,USD,145000,US,0,US,M
2023,SE,FT,Data Engineer,115000,USD,115000,US,0,US,M
2023,SE,FT,Data Analyst,168400,USD,168400,US,0,US,M
2023,SE,FT,Data Analyst,105200,USD,105200,US,0,US,M
2023,SE,FT,Applied Scientist,309400,USD,309400,US,0,US,L
2023,SE,FT,Applied Scientist,159100,USD,159100,US,0,US,L
2023,SE,FT,Machine Learning Engineer,190000,USD,190000,US,0,US,M
2023,SE,FT,Machine Learning Engineer,150000,USD,150000,US,0,US,M
2023,MI,FT,Data Engineer,162500,USD,162500,US,0,US,M
2023,MI,FT,Data Engineer,130000,USD,130000,US,0,US,M
2023,SE,FT,Analytics Engineer,150000,USD,150000,US,100,US,M
2023,SE,FT,Analytics Engineer,120000,USD,120000,US,100,US,M
2023,SE,FT,Data Engineer,145000,USD,145000,US,0,US,M
2023,SE,FT,Data Engineer,120000,USD,120000,US,0,US,M
2023,SE,FT,Applied Scientist,222200,USD,222200,US,0,US,L
2023,SE,FT,Applied Scientist,136000,USD,136000,US,0,US,L
2023,SE,FT,Data Analyst,45000,GBP,54685,CF,100,CF,M
2023,SE,FT,Data Analyst,35000,GBP,42533,CF,100,CF,M
2023,SE,FT,Data Engineer,241000,USD,241000,US,0,US,M
2023,SE,FT,Data Engineer,155000,USD,155000,US,0,US,M
2023,SE,FT,Data Engineer,220000,USD,220000,US,100,US,M
2023,SE,FT,Data Engineer,190000,USD,190000,US,100,US,M
2023,MI,FT,Data Scientist,55000,GBP,66837,GB,0,GB,M
2023,MI,FT,Data Scientist,45000,GBP,54685,GB,0,GB,M
2020,EX,FT,Staff Data Analyst,15000,USD,15000,NG,0,CA,M
2023,MI,FT,ETL Engineer,70000,GBP,85066,GB,100,GB,M
2023,MI,FT,ETL Engineer,47500,GBP,57723,GB,100,GB,M
2023,EN,FT,Data Analyst,85000,USD,85000,US,100,US,M
2023,EN,FT,Data Analyst,75000,USD,75000,US,100,US,M
2023,SE,FT,Data Engineer,160000,USD,160000,US,0,US,M
2023,SE,FT,Data Engineer,140000,USD,140000,US,0,US,M
2023,MI,FT,Machine Learning Engineer,300000,USD,300000,US,0,US,M
2023,MI,FT,Machine Learning Engineer,250000,USD,250000,US,0,US,M
2023,SE,FT,Data Scientist,228000,USD,228000,US,0,US,M
2023,SE,FT,Data Scientist,186000,USD,186000,US,0,US,M
2023,SE,FT,Data Scientist,190000,USD,190000,US,0,US,M
2023,SE,FT,Data Scientist,170000,USD,170000,US,0,US,M
2023,MI,FT,Research Engineer,230000,USD,230000,US,0,US,M
2023,MI,FT,Research Engineer,200000,USD,200000,US,0,US,M
2023,SE,FT,Data Architect,180000,USD,180000,US,100,US,M
2023,SE,FT,Data Architect,115000,USD,115000,US,100,US,M
2023,SE,FT,Data Architect,200000,USD,200000,US,100,US,M
2023,SE,FT,Data Architect,115000,USD,115000,US,100,US,M
2023,SE,FT,Data DevOps Engineer,50000,EUR,53654,FR,50,FR,S
2023,EX,FT,Data Engineer,220000,USD,220000,US,0,US,M
2023,EX,FT,Data Engineer,205000,USD,205000,US,0,US,M
2023,MI,FT,Data Engineer,180000,USD,180000,US,0,US,M
2023,MI,FT,Data Engineer,130000,USD,130000,US,0,US,M
2023,SE,FT,Data Engineer,200000,USD,200000,US,100,US,M
2023,SE,FT,Data Engineer,150000,USD,150000,US,100,US,M
2023,SE,FT,Computer Vision Engineer,215000,USD,215000,US,0,US,M
2023,SE,FT,Computer Vision Engineer,170000,USD,170000,US,0,US,M
2023,SE,FT,Machine Learning Engineer,247500,USD,247500,US,0,US,M
2023,SE,FT,Machine Learning Engineer,172200,USD,172200,US,0,US,M
2023,SE,FT,Data Scientist,224000,USD,224000,CA,0,CA,M
2023,SE,FT,Data Scientist,176000,USD,176000,CA,0,CA,M
2023,SE,FT,Data Analyst,120000,USD,120000,US,100,US,M
2023,SE,FT,Data Analyst,75000,USD,75000,US,100,US,M
2023,EN,FT,Data Engineer,1400000,INR,17022,IN,100,IN,L
2023,SE,FT,Applied Data Scientist,100000,AUD,68318,AU,100,FI,M
2023,MI,FT,AI Developer,100000,SGD,75020,FI,0,FI,M
2023,SE,FT,Data Analyst,140000,USD,140000,US,0,US,M
2023,SE,FT,Data Analyst,120000,USD,120000,US,0,US,M
2023,SE,FT,Data Engineer,128000,USD,128000,US,0,US,M
2023,SE,FT,Data Engineer,81500,USD,81500,US,0,US,M
2023,SE,FT,Data Engineer,145000,USD,145000,US,0,US,M
2023,SE,FT,Data Engineer,115000,USD,115000,US,0,US,M
2023,SE,FT,Data Engineer,185000,USD,185000,US,0,US,M
2023,SE,FT,Data Engineer,140000,USD,140000,US,0,US,M
2023,EX,FT,Head of Data,329500,USD,329500,US,0,US,M
2023,EX,FT,Head of Data,269600,USD,269600,US,0,US,M
2023,SE,FT,Data Quality Analyst,100000,USD,100000,US,0,US,M
2023,SE,FT,Data Quality Analyst,80000,USD,80000,US,0,US,M
2023,SE,FT,Data Scientist,250000,USD,250000,US,0,US,M
2023,SE,FT,Data Scientist,162500,USD,162500,US,0,US,M
2023,MI,FT,AI Developer,200000,USD,200000,US,100,US,M
2023,SE,FT,Data Engineer,145000,USD,145000,US,0,US,M
2023,SE,FT,Data Engineer,100000,USD,100000,US,0,US,M
2023,EX,FT,Data Engineer,145000,USD,145000,US,0,US,M
2023,EX,FT,Data Engineer,115000,USD,115000,US,0,US,M
2023,SE,FT,Data Scientist,203500,USD,203500,US,0,US,M
2023,SE,FT,Data Scientist,152000,USD,152000,US,0,US,M
2023,SE,FT,Data Scientist,239000,USD,239000,US,0,US,L
2023,SE,FT,Data Scientist,122900,USD,122900,US,0,US,L
2023,SE,FT,Data Scientist,237000,USD,237000,US,0,US,M
2023,SE,FT,Data Scientist,145000,USD,145000,US,0,US,M
2023,SE,FT,Data Science Manager,191765,USD,191765,US,0,US,M
2023,SE,FT,Data Science Manager,134236,USD,134236,US,0,US,M
2023,SE,FT,Analytics Engineer,190000,USD,190000,US,100,US,M
2023,SE,FT,Analytics Engineer,112000,USD,112000,US,100,US,M
2022,SE,FT,Data Scientist,84000,EUR,88256,ES,100,GB,L
2023,EN,FT,Data Engineer,85000,USD,85000,US,0,US,M
2023,EN,FT,Data Engineer,65000,USD,65000,US,0,US,M
2023,SE,FT,Data Analyst,135000,USD,135000,US,0,US,M
2023,SE,FT,Data Analyst,105500,USD,105500,US,0,US,M
2023,SE,FT,Research Engineer,293000,USD,293000,US,0,US,M
2023,SE,FT,Research Engineer,185000,USD,185000,US,0,US,M
2023,SE,FT,Data Analyst,80000,USD,80000,US,0,US,M
2023,SE,FT,Data Analyst,70000,USD,70000,US,0,US,M
2023,SE,FT,Data Engineer,220000,USD,220000,US,100,US,M
2023,SE,FT,Data Engineer,160000,USD,160000,US,100,US,M
2023,SE,FT,Data Scientist,175000,USD,175000,US,100,US,M
2023,SE,FT,Data Scientist,145000,USD,145000,US,100,US,M
2023,SE,FT,Data Analyst,200000,USD,200000,US,0,US,M
2023,SE,FT,Data Analyst,148500,USD,148500,US,0,US,M
2023,SE,FT,Data Scientist,45000,EUR,48289,ES,0,ES,M
2023,SE,FT,Data Scientist,36000,EUR,38631,ES,0,ES,M
2023,SE,FT,Data Engineer,240500,USD,240500,US,0,US,L
2023,SE,FT,Data Engineer,123700,USD,123700,US,0,US,L
2023,SE,FT,Analytics Engineer,152900,USD,152900,US,100,US,M
2023,SE,FT,Analytics Engineer,117100,USD,117100,US,100,US,M
2023,SE,FT,Analytics Engineer,173000,USD,173000,US,100,US,M
2023,SE,FT,Analytics Engineer,113000,USD,113000,US,100,US,M
2023,SE,FT,Applied Scientist,260000,USD,260000,US,0,US,L
2023,SE,FT,Applied Scientist,136000,USD,136000,US,0,US,L
2023,EX,FT,Data Engineer,175000,USD,175000,US,0,US,M
2023,EX,FT,Data Engineer,110000,USD,110000,US,0,US,M
2023,SE,FT,Applied Scientist,260000,USD,260000,US,0,US,L
2023,SE,FT,Applied Scientist,136000,USD,136000,US,0,US,L
2023,SE,FT,Research Scientist,130000,USD,130000,US,100,US,M
2023,SE,FT,Research Scientist,110000,USD,110000,US,100,US,M
2023,SE,FT,Applied Scientist,205000,USD,205000,US,100,US,M
2023,SE,FT,Applied Scientist,184000,USD,184000,US,100,US,M
2023,SE,FT,Data Analyst,149500,USD,149500,US,100,US,M
2023,SE,FT,Data Analyst,127075,USD,127075,US,100,US,M
2023,SE,FT,Data Scientist,195000,USD,195000,US,0,US,M
2023,SE,FT,Data Scientist,160000,USD,160000,US,0,US,M
2023,SE,FT,Data Engineer,219535,USD,219535,US,100,US,M
2023,SE,FT,Data Engineer,146115,USD,146115,US,100,US,M
2023,SE,FT,Data Scientist,170000,USD,170000,US,0,US,M
2023,SE,FT,Data Scientist,135000,USD,135000,US,0,US,M
2023,SE,FT,Data Scientist,175000,USD,175000,US,100,US,M
2023,SE,FT,Data Scientist,145000,USD,145000,US,100,US,M
2023,SE,FT,Data Scientist,199000,USD,199000,US,0,US,M
2023,SE,FT,Data Scientist,162000,USD,162000,US,0,US,M
2023,SE,FT,Applied Scientist,222200,USD,222200,US,0,US,L
2023,SE,FT,Applied Scientist,136000,USD,136000,US,0,US,L
2023,EX,FT,Analytics Engineer,221000,USD,221000,US,100,US,M
2023,EX,FT,Analytics Engineer,153000,USD,153000,US,100,US,M
2023,SE,FT,Data Analyst,187000,USD,187000,US,0,US,M
2023,SE,FT,Data Analyst,128000,USD,128000,US,0,US,M
2023,SE,FT,Research Scientist,210000,USD,210000,US,0,US,M
2023,SE,FT,Research Scientist,136000,USD,136000,US,0,US,M
2023,SE,FT,Data Scientist,175000,USD,175000,US,100,US,M
2023,SE,FT,Data Scientist,100000,USD,100000,US,100,US,M
2023,SE,FT,Data Engineer,179000,USD,179000,US,0,US,M
2023,SE,FT,Data Engineer,109000,USD,109000,US,0,US,M
2023,SE,FT,Data Scientist,245000,USD,245000,US,0,US,M
2023,SE,FT,Data Scientist,180000,USD,180000,US,0,US,M
2023,SE,FT,Data Analyst,142000,USD,142000,US,100,US,M
2023,SE,FT,Data Analyst,75000,USD,75000,US,100,US,M
2023,SE,FT,Data Manager,198800,USD,198800,US,0,US,M
2023,SE,FT,Data Manager,105200,USD,105200,US,0,US,M
2023,SE,FT,Data Analyst,125000,USD,125000,US,100,US,M
2023,SE,FT,Data Analyst,112000,USD,112000,US,100,US,M
2023,SE,FT,Data Scientist,210000,USD,210000,US,0,US,M
2023,SE,FT,Data Scientist,155000,USD,155000,US,0,US,M
2023,SE,FT,Data Manager,115000,USD,115000,US,100,US,M
2023,SE,FT,Data Manager,86000,USD,86000,US,100,US,M
2023,SE,FT,Data Scientist,165000,USD,165000,US,0,US,M
2023,SE,FT,Data Scientist,140000,USD,140000,US,0,US,M
2023,SE,FT,Data Analyst,139000,USD,139000,US,0,US,M
2023,SE,FT,Data Analyst,106000,USD,106000,US,0,US,M
2023,EN,FT,Data Analyst,55000,CAD,40663,CA,0,CA,L
2022,SE,FT,AI Developer,275000,USD,275000,CA,0,CA,S
2023,SE,FL,Machine Learning Researcher,50000,USD,50000,UA,50,UA,S
2023,MI,FT,Machine Learning Engineer,280700,USD,280700,US,100,US,M
2023,MI,FT,Machine Learning Engineer,150450,USD,150450,US,100,US,M
2023,EN,FT,Data Scientist,70000,CAD,51753,CA,100,CA,L
2023,SE,FT,Data Architect,250500,USD,250500,US,0,US,M
2023,SE,FT,Data Architect,159500,USD,159500,US,0,US,M
2023,SE,FT,Data Engineer,145000,USD,145000,US,0,US,M
2023,SE,FT,Data Engineer,115000,USD,115000,US,0,US,M
2023,SE,FT,Data Analyst,140000,USD,140000,US,0,US,M
2023,SE,FT,Data Analyst,120000,USD,120000,US,0,US,M
2023,EN,FT,Data Scientist,130001,USD,130001,US,100,US,M
2023,EN,FT,Data Scientist,71907,USD,71907,US,100,US,M
2023,MI,FT,Data Scientist,93918,USD,93918,US,100,US,M
2023,MI,FT,Data Scientist,51962,USD,51962,US,100,US,M
2023,SE,FT,Data Analyst,175000,USD,175000,CA,100,CA,M
2023,SE,FT,Data Analyst,135000,USD,135000,CA,100,CA,M
2023,EN,FT,Data Engineer,85000,USD,85000,US,0,US,M
2023,EN,FT,Data Engineer,65000,USD,65000,US,0,US,M
2023,SE,FT,Machine Learning Engineer,257000,USD,257000,US,0,US,M
2023,SE,FT,Machine Learning Engineer,147000,USD,147000,US,0,US,M
2023,SE,FT,Data Engineer,222000,USD,222000,US,100,US,M
2023,SE,FT,Data Engineer,175000,USD,175000,US,100,US,M
2023,SE,FT,Data Scientist,203000,USD,203000,US,100,US,M
2023,SE,FT,Data Scientist,133200,USD,133200,US,100,US,M
2023,EN,FT,Applied Scientist,213660,USD,213660,US,0,US,L
2023,EN,FT,Applied Scientist,130760,USD,130760,US,0,US,L
2023,SE,FT,Data Engineer,221000,USD,221000,US,0,US,M
2023,SE,FT,Data Engineer,147000,USD,147000,US,0,US,M
2023,SE,FT,Data Quality Analyst,100000,USD,100000,US,0,US,M
2023,SE,FT,Data Quality Analyst,80000,USD,80000,US,0,US,M
2023,SE,FT,Data Scientist,185900,USD,185900,US,0,US,M
2023,SE,FT,Data Scientist,129300,USD,129300,US,0,US,M
2023,SE,FT,Data Scientist,238000,USD,238000,US,100,US,M
2023,SE,FT,Data Scientist,156000,USD,156000,US,100,US,M
2023,SE,FT,Machine Learning Engineer,304000,USD,304000,US,100,US,M
2023,SE,FT,Machine Learning Engineer,199000,USD,199000,US,100,US,M
2023,MI,FT,Big Data Engineer,45000,EUR,48289,ES,100,ES,M
2023,SE,FT,Data Engineer,150000,USD,150000,US,0,US,M
2023,SE,FT,Data Engineer,130000,USD,130000,US,0,US,M
2023,SE,FT,Data Scientist,140000,USD,140000,US,100,US,M
2023,SE,FT,Data Scientist,110000,USD,110000,US,100,US,M
2023,MI,FT,Data Analyst,90000,USD,90000,US,0,US,M
2023,MI,FT,Data Analyst,75000,USD,75000,US,0,US,M
2023,MI,FT,Research Scientist,161200,GBP,195895,GB,0,GB,M
2023,MI,FT,Research Scientist,84570,GBP,102772,GB,0,GB,M
2023,SE,FT,Data Engineer,240000,USD,240000,US,0,US,M
2023,SE,FT,Data Engineer,183600,USD,183600,US,0,US,M
2023,MI,FT,Data Specialist,130000,USD,130000,US,0,US,M
2023,MI,FT,Data Specialist,80000,USD,80000,US,0,US,M
2023,SE,FT,Data Engineer,250000,USD,250000,US,0,US,M
2023,SE,FT,Data Engineer,150000,USD,150000,US,0,US,M
2023,SE,FT,Data Analytics Manager,160000,USD,160000,US,100,US,M
2023,SE,FT,Data Analytics Manager,120000,USD,120000,US,100,US,M
2023,SE,FT,Machine Learning Engineer,289076,USD,289076,US,0,US,M
2023,SE,FT,Machine Learning Engineer,202353,USD,202353,US,0,US,M
2023,SE,FT,Data Engineer,145000,USD,145000,US,0,US,M
2023,SE,FT,Data Engineer,120000,USD,120000,US,0,US,M
2023,SE,FT,Data Analyst,155000,USD,155000,US,0,US,M
2023,SE,FT,Data Analyst,106000,USD,106000,US,0,US,M
2023,SE,FT,Data Engineer,200000,USD,200000,US,0,US,M
2023,SE,FT,Data Engineer,160000,USD,160000,US,0,US,M
2023,SE,FT,Data Scientist,157750,USD,157750,US,100,US,M
2023,SE,FT,Data Scientist,104650,USD,104650,US,100,US,M
2023,MI,FT,Data Scientist,180000,USD,180000,US,100,US,M
2023,MI,FT,Data Scientist,140000,USD,140000,US,100,US,M
2023,EX,FT,Data Scientist,200000,USD,200000,US,0,US,M
2023,EX,FT,Data Scientist,145000,USD,145000,US,0,US,M
2023,MI,FT,Lead Data Analyst,68000,USD,68000,US,0,US,L
2023,EN,FT,BI Data Engineer,60000,USD,60000,US,100,US,M
2023,SE,FT,Data Scientist,45000,EUR,48289,ES,0,ES,M
2023,SE,FT,Data Scientist,36000,EUR,38631,ES,0,ES,M
2023,EN,FT,Data Engineer,85000,USD,85000,US,0,US,M
2023,EN,FT,Data Engineer,65000,USD,65000,US,0,US,M
2023,MI,FT,Data Engineer,125000,USD,125000,US,0,US,M
2023,MI,FT,Data Engineer,90000,USD,90000,US,0,US,M
2023,SE,FT,Data Analyst,105000,USD,105000,US,100,US,M
2023,SE,FT,Data Analyst,90000,USD,90000,US,100,US,M
2023,SE,FT,Analytics Engineer,179820,USD,179820,US,0,US,M
2023,SE,FT,Analytics Engineer,143860,USD,143860,US,0,US,M
2023,SE,FT,Data Analyst,135000,USD,135000,US,0,US,M
2023,SE,FT,Data Analyst,105500,USD,105500,US,0,US,M
2023,EN,FT,Research Engineer,155000,USD,155000,US,0,US,M
2023,EN,FT,Research Engineer,125000,USD,125000,US,0,US,M
2023,SE,FT,Machine Learning Engineer,241000,USD,241000,US,0,US,M
2023,SE,FT,Machine Learning Engineer,181000,USD,181000,US,0,US,M
2023,SE,FT,Data Scientist,252000,USD,252000,US,0,US,M
2023,SE,FT,Data Scientist,154000,USD,154000,US,0,US,M
2023,EX,FT,Data Architect,180000,USD,180000,US,0,US,M
2023,EX,FT,Data Architect,155000,USD,155000,US,0,US,M
2023,SE,FT,Data Scientist,191765,USD,191765,US,0,US,M
2023,SE,FT,Data Scientist,134236,USD,134236,US,0,US,M
2023,SE,FT,Data Scientist,175000,USD,175000,US,100,US,M
2023,SE,FT,Data Scientist,145000,USD,145000,US,100,US,M
2023,SE,FT,Data Scientist,237000,USD,237000,US,100,US,M
2023,SE,FT,Data Scientist,145000,USD,145000,US,100,US,M
2023,EN,FT,Research Engineer,155000,USD,155000,US,0,US,M
2023,EN,FT,Research Engineer,125000,USD,125000,US,0,US,M
2023,SE,FT,Data Analyst,80000,USD,80000,US,0,US,M
2023,SE,FT,Data Analyst,70000,USD,70000,US,0,US,M
2023,SE,FT,Data Engineer,146000,USD,146000,US,0,US,M
2023,SE,FT,Data Engineer,75000,USD,75000,US,0,US,M
2023,EN,FT,Data Analyst,64200,USD,64200,US,100,US,M
2023,EN,FT,Data Analyst,56100,USD,56100,US,100,US,M
2023,SE,FT,Machine Learning Engineer,170000,USD,170000,US,0,US,M
2023,SE,FT,Machine Learning Engineer,130000,USD,130000,US,0,US,M
2023,SE,FT,Data Analyst,208450,USD,208450,US,100,US,M
2023,SE,FT,Data Analyst,170550,USD,170550,US,100,US,M
2023,SE,FT,Machine Learning Engineer,125000,USD,125000,US,0,US,M
2023,SE,FT,Machine Learning Engineer,100000,USD,100000,US,0,US,M
2023,MI,FT,Data Manager,135000,USD,135000,US,0,US,M
2023,MI,FT,Data Manager,120000,USD,120000,US,0,US,M
2023,SE,FT,Data Scientist,200000,USD,200000,US,100,US,M
2023,SE,FT,Data Scientist,170000,USD,170000,US,100,US,M
2023,SE,FT,Data Scientist,171250,USD,171250,IE,0,IE,M
2023,SE,FT,Data Scientist,113750,USD,113750,IE,0,IE,M
2023,SE,FT,Applied Scientist,222200,USD,222200,US,0,US,L
2023,SE,FT,Applied Scientist,136000,USD,136000,US,0,US,L
2023,SE,FT,Applied Scientist,260000,USD,260000,US,0,US,L
2023,SE,FT,Applied Scientist,136000,USD,136000,US,0,US,L
2023,SE,FT,Data Analyst,153600,USD,153600,US,0,US,M
2023,SE,FT,Data Analyst,100500,USD,100500,US,0,US,M
2023,SE,FT,Applied Scientist,205000,USD,205000,US,100,US,M
2023,SE,FT,Applied Scientist,184000,USD,184000,US,100,US,M
2023,SE,FT,Machine Learning Engineer,115000,USD,115000,CA,100,CA,M
2023,SE,FT,Machine Learning Engineer,95000,USD,95000,CA,100,CA,M
2023,MI,FT,Data Analyst,182500,USD,182500,US,0,US,M
2023,MI,FT,Data Analyst,121500,USD,121500,US,0,US,M
2023,SE,FT,Data Engineer,203100,USD,203100,US,0,US,M
2023,SE,FT,Data Engineer,114500,USD,114500,US,0,US,M
2023,MI,FT,Data Analyst,60000,GBP,72914,GB,0,GB,M
2023,MI,FT,Data Analyst,45000,GBP,54685,GB,0,GB,M
2023,SE,FT,Data Engineer,252000,USD,252000,US,0,US,M
2023,SE,FT,Data Engineer,129000,USD,129000,US,0,US,M
2023,EN,FT,Data Engineer,92700,USD,92700,US,100,US,M
2023,EN,FT,Data Engineer,61800,USD,61800,US,100,US,M
2023,SE,FT,Data Engineer,160000,USD,160000,US,100,US,M
2023,SE,FT,Data Engineer,130000,USD,130000,US,100,US,M
2023,SE,FT,Data Scientist,258000,USD,258000,CA,0,CA,M
2023,SE,FT,Data Scientist,190000,USD,190000,CA,0,CA,M
2023,SE,FT,Data Scientist,170000,USD,170000,US,0,US,M
2023,SE,FT,Data Scientist,135000,USD,135000,US,0,US,M
2023,MI,FT,Data Architect,167500,USD,167500,US,0,US,M
2023,MI,FT,Data Architect,106500,USD,106500,US,0,US,M
2023,SE,FT,Data Scientist,195000,USD,195000,US,0,US,M
2023,SE,FT,Data Scientist,160000,USD,160000,US,0,US,M
2023,MI,FT,Data Engineer,146000,USD,146000,US,0,US,M
2023,MI,FT,Data Engineer,75000,USD,75000,US,0,US,M
2022,EN,FT,Data Engineer,57000,EUR,59888,NL,100,NL,L
2023,EX,FT,Data Engineer,286000,USD,286000,US,100,US,M
2023,EX,FT,Data Engineer,207000,USD,207000,US,100,US,M
2023,SE,FT,Data Analyst,100000,USD,100000,US,100,US,M
2023,SE,FT,Data Analyst,80000,USD,80000,US,100,US,M
2023,SE,FT,Data Engineer,223250,USD,223250,US,0,US,M
2023,SE,FT,Data Engineer,178600,USD,178600,US,0,US,M
2023,EX,FT,Director of Data Science,353200,USD,353200,US,0,US,M
2023,EX,FT,Director of Data Science,249300,USD,249300,US,0,US,M
2023,MI,FT,Machine Learning Scientist,230000,USD,230000,US,0,US,M
2023,MI,FT,Machine Learning Scientist,220000,USD,220000,US,0,US,M
2023,SE,FT,Data Scientist,297300,USD,297300,US,100,US,M
2023,SE,FT,Data Scientist,198200,USD,198200,US,100,US,M
2023,MI,FT,Research Scientist,210000,USD,210000,US,100,US,M
2023,MI,FT,Research Scientist,151800,USD,151800,US,100,US,M
2023,SE,FT,Data Scientist,200000,USD,200000,US,100,US,M
2023,SE,FT,Data Scientist,170000,USD,170000,US,100,US,M
2023,SE,FT,Data Scientist,317070,USD,317070,US,0,US,M
2023,SE,FT,Data Scientist,170730,USD,170730,US,0,US,M
2023,SE,FT,Data Engineer,128000,USD,128000,US,0,US,M
2023,SE,FT,Data Engineer,81500,USD,81500,US,0,US,M
2023,EN,FT,Business Data Analyst,20000,EUR,21461,ES,0,ES,M
2023,SE,FT,AI Developer,108000,USD,108000,UA,0,UA,M
2023,SE,FT,AI Developer,60000,USD,60000,UA,0,UA,M
2023,MI,FT,MLOps Engineer,134000,USD,134000,US,100,US,M
2023,MI,FT,MLOps Engineer,124000,USD,124000,US,100,US,M
2023,SE,FT,Data Engineer,171250,USD,171250,US,0,US,M
2023,SE,FT,Data Engineer,113750,USD,113750,US,0,US,M
2023,SE,FT,Data Engineer,165000,USD,165000,US,0,US,M
2023,SE,FT,Data Engineer,132300,USD,132300,US,0,US,M
2023,SE,FT,Data Scientist,225000,USD,225000,US,0,US,M
2023,SE,FT,Data Scientist,175000,USD,175000,US,0,US,M
2023,SE,FT,Data Engineer,230000,USD,230000,US,0,US,M
2023,SE,FT,Data Engineer,124500,USD,124500,US,0,US,M
2023,SE,FT,Machine Learning Engineer,247500,USD,247500,US,0,US,M
2023,SE,FT,Machine Learning Engineer,172200,USD,172200,US,0,US,M
2023,SE,FT,Data Analyst,175000,USD,175000,US,0,US,M
2023,SE,FT,Data Analyst,145000,USD,145000,US,0,US,M
2023,SE,FT,Data Analyst,148700,USD,148700,US,0,US,M
2023,SE,FT,Data Analyst,125600,USD,125600,US,0,US,M
2023,SE,FT,Data Engineer,145000,USD,145000,US,0,US,M
2023,SE,FT,Data Engineer,115000,USD,115000,US,0,US,M
2023,SE,FT,Research Scientist,200000,USD,200000,US,0,US,M
2023,SE,FT,Research Scientist,150000,USD,150000,US,0,US,M
2023,EN,FT,Research Engineer,160000,USD,160000,US,0,US,M
2023,EN,FT,Research Engineer,120000,USD,120000,US,0,US,M
2023,SE,FT,Data Analyst,185000,USD,185000,US,100,US,M
2023,SE,FT,Data Analyst,120250,USD,120250,US,100,US,M
2023,SE,FT,Data Scientist,275300,USD,275300,US,100,US,M
2023,SE,FT,Data Scientist,183000,USD,183000,US,100,US,M
2023,SE,FT,Data Architect,170000,USD,170000,US,100,US,M
2023,SE,FT,Data Architect,125000,USD,125000,US,100,US,M
2023,MI,FT,Data Architect,167500,USD,167500,US,0,US,M
2023,MI,FT,Data Architect,106500,USD,106500,US,0,US,M
2023,SE,FT,Research Scientist,250000,USD,250000,US,0,US,M
2023,SE,FT,Research Scientist,200000,USD,200000,US,0,US,M
2023,MI,FT,Machine Learning Engineer,135000,USD,135000,US,50,US,L
2023,SE,FT,AI Scientist,1500000,ILS,423834,IL,0,IL,L
2023,SE,FT,Machine Learning Engineer,216000,USD,216000,US,100,US,M
2023,SE,FT,Machine Learning Engineer,184000,USD,184000,US,100,US,M
2023,SE,FT,Data Engineer,180000,USD,180000,US,100,US,M
2023,SE,FT,Data Engineer,165000,USD,165000,US,100,US,M
2023,SE,FT,Data Scientist,185900,USD,185900,US,0,US,M
2023,SE,FT,Data Scientist,129300,USD,129300,US,0,US,M
2023,SE,FT,Data Engineer,145000,USD,145000,US,0,US,M
2023,SE,FT,Data Engineer,120000,USD,120000,US,0,US,M
2023,MI,FT,Data Engineer,143865,USD,143865,US,0,US,M
2023,MI,FT,Data Engineer,115092,USD,115092,US,0,US,M
2023,MI,FT,Machine Learning Engineer,130000,USD,130000,US,0,US,M
2023,MI,FT,Machine Learning Engineer,90000,USD,90000,US,0,US,M
2023,SE,FT,Data Scientist,173000,USD,173000,US,100,US,M
2023,SE,FT,Data Scientist,132000,USD,132000,US,100,US,M
2023,SE,FT,Data Analyst,208049,USD,208049,US,0,US,M
2023,SE,FT,Data Analyst,128500,USD,128500,US,0,US,M
2023,SE,FT,Analytics Engineer,179820,USD,179820,US,0,US,M
2023,SE,FT,Analytics Engineer,143860,USD,143860,US,0,US,M
2023,SE,FT,Data Engineer,167500,USD,167500,US,0,US,M
2023,SE,FT,Data Engineer,106500,USD,106500,US,0,US,M
2023,SE,FT,Data Scientist,275300,USD,275300,US,100,US,M
2023,SE,FT,Data Scientist,183500,USD,183500,US,100,US,M
2023,MI,FT,Data Engineer,149600,USD,149600,US,0,US,M
2023,MI,FT,Data Engineer,102000,USD,102000,US,0,US,M
2023,EX,FT,Data Scientist,145000,USD,145000,US,0,US,M
2023,EX,FT,Data Scientist,100000,USD,100000,US,0,US,M
2023,SE,FT,Data Analyst,190000,USD,190000,US,100,US,M
2023,SE,FT,Data Analyst,95000,USD,95000,US,100,US,M
2023,SE,FT,Data Analyst,153600,USD,153600,US,0,US,M
2023,SE,FT,Data Analyst,106800,USD,106800,US,0,US,M
2023,MI,FT,Data Scientist,90000,EUR,96578,IE,0,IE,M
2023,MI,FT,Data Scientist,75000,EUR,80481,IE,0,IE,M
2023,MI,FT,Data Analyst,128000,USD,128000,US,0,US,M
2023,MI,FT,Data Analyst,85000,USD,85000,US,0,US,M
2023,MI,FT,Data Engineer,151000,USD,151000,US,0,US,M
2023,MI,FT,Data Engineer,140000,USD,140000,US,0,US,M
2023,SE,FT,Data Scientist,275300,USD,275300,US,100,US,M
2023,SE,FT,Data Scientist,183500,USD,183500,US,100,US,M
2023,SE,FT,Machine Learning Scientist,220000,USD,220000,US,0,US,M
2023,SE,FT,Machine Learning Scientist,170000,USD,170000,US,0,US,M
2023,SE,FT,Data Analyst,135000,USD,135000,US,0,US,M
2023,SE,FT,Data Analyst,105500,USD,105500,US,0,US,M
2023,SE,FT,Data Analyst,100000,USD,100000,US,100,US,M
2023,SE,FT,Data Analyst,80000,USD,80000,US,100,US,M
2023,EN,FT,Autonomous Vehicle Technician,7000,USD,7000,GH,0,GH,S
2023,EN,FT,Applied Machine Learning Scientist,40000,EUR,42923,DE,50,DE,M
2023,SE,FT,Data Engineer,160000,USD,160000,CA,100,CA,M
2023,SE,FT,Data Engineer,145000,USD,145000,CA,100,CA,M
2023,MI,FT,Data Analyst,154000,USD,154000,US,0,US,M
2023,MI,FT,Data Analyst,143000,USD,143000,US,0,US,M
2023,MI,FT,Data Scientist,65000,GBP,78990,GB,0,GB,M
2023,MI,FT,Data Scientist,42000,GBP,51039,GB,0,GB,M
2023,EN,FT,Data Scientist,190000,USD,190000,US,0,US,M
2023,EN,FT,Data Scientist,120000,USD,120000,US,0,US,M
2023,MI,FT,Data Scientist,70000,GBP,85066,GB,0,GB,M
2023,MI,FT,Data Scientist,42000,GBP,51039,GB,0,GB,M
2023,MI,FT,Data Scientist,90000,GBP,109371,GB,0,GB,M
2023,MI,FT,Data Scientist,60000,GBP,72914,GB,0,GB,M
2023,SE,FT,Data Engineer,150000,USD,150000,US,0,US,M
2023,SE,FT,Data Engineer,111000,USD,111000,US,0,US,M
2023,EX,FT,Data Engineer,265000,USD,265000,US,0,US,M
2023,EX,FT,Data Engineer,235000,USD,235000,US,0,US,M
2023,EN,FT,Data Scientist,112000,CHF,121093,CH,50,CH,L
2022,MI,FT,Data Scientist,70000,EUR,73546,DE,100,DE,M
2023,SE,FT,Data Engineer,160000,USD,160000,US,100,US,M
2023,SE,FT,Data Engineer,130000,USD,130000,US,100,US,M
2023,MI,FT,Data Engineer,75000,USD,75000,US,100,US,M
2023,MI,FT,Data Engineer,60400,USD,60400,US,100,US,M
2023,EN,FT,Data Analyst,85000,USD,85000,US,100,US,M
2023,EN,FT,Data Analyst,75000,USD,75000,US,100,US,M
2023,SE,FT,Data Engineer,252000,USD,252000,US,0,US,M
2023,SE,FT,Data Engineer,129000,USD,129000,US,0,US,M
2023,EN,FT,Data Engineer,92700,USD,92700,US,100,US,M
2023,EN,FT,Data Engineer,61800,USD,61800,US,100,US,M
2022,SE,FT,Lead Data Scientist,164000,EUR,172309,IE,100,IE,L
2023,MI,FT,Data Scientist,56000,EUR,60093,AT,100,DE,M
2023,MI,FT,Data Analyst,83500,USD,83500,US,100,US,M
2023,MI,FT,Data Analyst,52500,USD,52500,US,100,US,M
2023,SE,FT,Data Scientist,201036,USD,201036,US,0,US,M
2023,SE,FT,Data Scientist,134024,USD,134024,US,0,US,M
2023,SE,FT,Data Analyst,165000,USD,165000,US,100,US,M
2023,SE,FT,Data Analyst,140000,USD,140000,US,100,US,M
2023,EN,FT,Data Engineer,62000,USD,62000,US,100,US,M
2023,EN,FT,Data Engineer,58000,USD,58000,US,100,US,M
2023,SE,FT,Data Scientist,172000,USD,172000,US,0,US,M
2023,SE,FT,Data Scientist,115000,USD,115000,US,0,US,M
2023,EN,FT,Data Engineer,125000,USD,125000,US,0,US,M
2023,EN,FT,Data Engineer,90000,USD,90000,US,0,US,M
2023,SE,FT,Data Engineer,163800,USD,163800,US,0,US,M
2023,SE,FT,Data Engineer,126000,USD,126000,US,0,US,M
2023,SE,FT,Data Scientist,237000,USD,237000,US,100,US,M
2023,SE,FT,Data Scientist,145000,USD,145000,US,100,US,M
2023,MI,FT,Data Engineer,90000,USD,90000,US,100,US,M
2023,MI,FT,Data Engineer,90000,USD,90000,US,100,US,M
2023,SE,FT,Data Engineer,139500,USD,139500,US,0,US,M
2023,SE,FT,Data Engineer,109400,USD,109400,US,0,US,M
2023,SE,FT,Data Scientist,258000,USD,258000,CA,0,CA,M
2023,SE,FT,Data Scientist,190000,USD,190000,CA,0,CA,M
2023,MI,FT,Data Engineer,145000,USD,145000,US,0,US,M
2023,MI,FT,Data Engineer,120000,USD,120000,US,0,US,M
2023,SE,FT,Data Engineer,205600,USD,205600,US,0,US,L
2023,SE,FT,Data Engineer,105700,USD,105700,US,0,US,L
2023,SE,FT,Data Engineer,252000,USD,252000,US,0,US,M
2023,SE,FT,Data Engineer,129000,USD,129000,US,0,US,M
2023,SE,FT,Data Scientist,239748,USD,239748,US,0,US,M
2023,SE,FT,Data Scientist,159832,USD,159832,US,0,US,M
2023,SE,FT,Data Scientist,186300,USD,186300,US,100,US,M
2023,SE,FT,Data Scientist,102500,USD,102500,US,100,US,M
2023,SE,FT,Data Engineer,165000,USD,165000,US,0,US,M
2023,SE,FT,Data Engineer,132300,USD,132300,US,0,US,M
2023,SE,FT,Data Scientist,190000,USD,190000,US,0,US,M
2023,SE,FT,Data Scientist,126000,USD,126000,US,0,US,M
2023,SE,FT,Data Architect,149040,USD,149040,US,100,US,M
2023,SE,FT,Data Architect,113900,USD,113900,US,100,US,M
2023,SE,FT,Data Engineer,153600,USD,153600,US,100,US,M
2023,SE,FT,Data Engineer,106800,USD,106800,US,100,US,M
2023,SE,FT,Data Engineer,172600,USD,172600,US,100,US,M
2023,SE,FT,Data Engineer,107900,USD,107900,US,100,US,M
2023,SE,FT,Data Analyst,180180,USD,180180,US,0,US,M
2023,SE,FT,Data Analyst,106020,USD,106020,US,0,US,M
2023,SE,FT,Data Architect,376080,USD,376080,US,100,US,M
2023,SE,FT,Data Architect,213120,USD,213120,US,100,US,M
2023,SE,FT,Data Analyst,153600,USD,153600,US,0,US,M
2023,SE,FT,Data Analyst,100500,USD,100500,US,0,US,M
2023,SE,FT,Data Analyst,206500,USD,206500,US,100,US,M
2023,SE,FT,Data Analyst,121600,USD,121600,US,100,US,M
2023,SE,FT,Data Engineer,260000,USD,260000,US,0,US,M
2023,SE,FT,Data Engineer,225000,USD,225000,US,0,US,M
2023,EX,FT,Data Engineer,194500,USD,194500,US,0,US,M
2023,EX,FT,Data Engineer,115500,USD,115500,US,0,US,M
2023,SE,FT,Cloud Database Engineer,170000,USD,170000,US,100,US,L
2023,SE,FT,Applied Machine Learning Scientist,90000,USD,90000,US,100,US,L
2023,EN,FT,Data Analyst,95000,USD,95000,US,100,US,M
2023,EN,FT,Data Analyst,70000,USD,70000,US,100,US,M
2023,SE,FT,Data Engineer,275000,USD,275000,US,0,US,M
2023,SE,FT,Data Engineer,160000,USD,160000,US,0,US,M
2023,SE,FT,Data Analyst,115934,USD,115934,US,100,US,M
2023,SE,FT,Data Analyst,81666,USD,81666,US,100,US,M
2023,SE,FT,Data Scientist,175000,USD,175000,US,0,US,M
2023,SE,FT,Data Scientist,120000,USD,120000,US,0,US,M
2023,SE,FT,Machine Learning Engineer,150000,USD,150000,US,100,US,M
2023,SE,FT,Machine Learning Engineer,120000,USD,120000,US,100,US,M
2023,SE,FT,Research Engineer,200000,USD,200000,US,0,US,M
2023,SE,FT,Research Engineer,175000,USD,175000,US,0,US,M
2023,MI,FT,Data Analyst,206000,USD,206000,US,0,US,M
2023,MI,FT,Data Analyst,130000,USD,130000,US,0,US,M
2023,SE,FT,Data Architect,138000,USD,138000,GB,100,GB,M
2023,SE,FT,Data Architect,92000,USD,92000,GB,100,GB,M
2023,SE,FT,Data Manager,65000,USD,65000,CO,0,CO,M
2023,SE,FT,Data Manager,48000,USD,48000,CO,0,CO,M
2023,SE,FT,Data Analyst,110000,USD,110000,US,100,US,M
2023,SE,FT,Data Analyst,75000,USD,75000,US,100,US,M
2023,SE,FT,Analytics Engineer,130000,USD,130000,US,0,US,M
2023,SE,FT,Analytics Engineer,87000,USD,87000,US,0,US,M
2023,MI,FT,Data Analyst,160000,USD,160000,US,0,US,M
2023,MI,FT,Data Analyst,112000,USD,112000,US,0,US,M
2023,MI,FT,Data Engineer,162500,USD,162500,US,0,US,M
2023,MI,FT,Data Engineer,130000,USD,130000,US,0,US,M
2023,SE,FT,Data Science Manager,299500,USD,299500,US,0,US,M
2023,SE,FT,Data Science Manager,245100,USD,245100,US,0,US,M
2023,MI,FT,Data Scientist,145000,USD,145000,US,0,US,M
2023,MI,FT,Data Scientist,100000,USD,100000,US,0,US,M
2023,SE,FT,Data Engineer,147100,USD,147100,US,0,US,M
2023,SE,FT,Data Engineer,90700,USD,90700,US,0,US,M
2023,EN,FT,Data Engineer,115100,USD,115100,US,0,US,M
2023,EN,FT,Data Engineer,73900,USD,73900,US,0,US,M
2023,SE,FT,Data Engineer,168400,USD,168400,US,0,US,M
2023,SE,FT,Data Engineer,105200,USD,105200,US,0,US,M
2023,SE,FT,Data Scientist,210000,USD,210000,US,0,US,M
2023,SE,FT,Data Scientist,160000,USD,160000,US,0,US,M
2023,MI,FT,Data Scientist,145000,USD,145000,US,0,US,M
2023,MI,FT,Data Scientist,100000,USD,100000,US,0,US,M
2023,SE,FT,Applied Scientist,222200,USD,222200,US,0,US,L
2023,SE,FT,Applied Scientist,136000,USD,136000,US,0,US,L
2023,MI,FT,Data Analyst,100000,USD,100000,US,0,US,M
2023,MI,FT,Data Analyst,85000,USD,85000,US,0,US,M
2023,MI,FT,Data Engineer,70000,GBP,85066,GB,100,GB,M
2023,MI,FT,Data Engineer,47500,GBP,57723,GB,100,GB,M
2023,EX,FT,Data Scientist,200000,USD,200000,US,0,US,M
2023,EX,FT,Data Scientist,145000,USD,145000,US,0,US,M
2023,MI,FT,Data Engineer,140000,USD,140000,US,0,US,M
2023,MI,FT,Data Engineer,95000,USD,95000,US,0,US,M
2023,SE,FT,Data Analyst,185000,USD,185000,US,100,US,M
2023,SE,FT,Data Analyst,120250,USD,120250,US,100,US,M
2023,MI,FT,Financial Data Analyst,130000,USD,130000,US,100,US,L
2023,SE,FT,Data Scientist,205000,USD,205000,US,0,US,M
2023,SE,FT,Data Scientist,140000,USD,140000,US,0,US,M
2023,SE,FT,Data Scientist,297300,USD,297300,US,100,US,M
2023,SE,FT,Data Scientist,198200,USD,198200,US,100,US,M
2023,SE,FT,Research Scientist,141288,USD,141288,US,0,US,M
2023,SE,FT,Research Scientist,94192,USD,94192,US,0,US,M
2023,SE,FT,Data Infrastructure Engineer,184000,USD,184000,US,100,US,M
2023,SE,FT,Data Infrastructure Engineer,143000,USD,143000,US,100,US,M
2023,SE,FT,Data Analyst,70000,USD,70000,US,0,US,M
2023,SE,FT,Data Analyst,55000,USD,55000,US,0,US,M
2023,SE,FT,Analytics Engineer,275300,USD,275300,US,100,US,M
2023,SE,FT,Analytics Engineer,183500,USD,183500,US,100,US,M
2023,MI,FT,Data Analyst,75000,USD,75000,US,100,US,M
2023,MI,FT,Data Analyst,65000,USD,65000,US,100,US,M
2023,MI,FT,ML Engineer,160000,USD,160000,US,0,US,M
2023,MI,FT,ML Engineer,147000,USD,147000,US,0,US,M
2023,SE,FT,Data Architect,149040,USD,149040,US,100,US,M
2023,SE,FT,Data Architect,113900,USD,113900,US,100,US,M
2023,MI,FT,Software Data Engineer,100000,SGD,75020,SG,100,SG,L
2023,SE,FT,Data Analyst,180180,USD,180180,US,0,US,M
2023,SE,FT,Data Analyst,106020,USD,106020,US,0,US,M
2023,MI,FT,Data Scientist,1400000,INR,17022,IN,100,IN,L
2023,EN,FT,AI Programmer,70000,USD,70000,IN,0,AU,L
2023,EN,FT,AI Developer,80000,USD,80000,SE,50,SE,M
2023,MI,FT,Lead Data Analyst,1500000,INR,18238,IN,50,IN,L
2023,MI,FT,Machine Learning Engineer,250000,USD,250000,US,0,US,M
2023,MI,FT,Machine Learning Engineer,150000,USD,150000,US,0,US,M
2023,SE,FT,Data Engineer,139500,USD,139500,US,0,US,M
2023,SE,FT,Data Engineer,109400,USD,109400,US,0,US,M
2023,SE,FT,Data Scientist,105000,USD,105000,US,0,US,M
2023,SE,FT,Data Scientist,70000,USD,70000,US,0,US,M
2023,EX,FT,Data Engineer,210914,USD,210914,US,100,US,M
2023,EX,FT,Data Engineer,116704,USD,116704,US,100,US,M
2023,EN,FT,Research Scientist,150000,USD,150000,US,0,US,M
2023,EN,FT,Research Scientist,100000,USD,100000,US,0,US,M
2023,SE,FT,Data Engineer,146000,USD,146000,US,0,US,M
2023,SE,FT,Data Engineer,75000,USD,75000,US,0,US,M
2023,EN,FT,Data Analyst,75000,USD,75000,US,100,US,M
2023,EN,FT,Data Analyst,60000,USD,60000,US,100,US,M
2023,MI,FT,Analytics Engineer,185700,USD,185700,US,0,US,M
2023,MI,FT,Analytics Engineer,165000,USD,165000,US,0,US,M
2023,SE,FT,Data Engineer,160000,USD,160000,US,100,US,M
2023,SE,FT,Data Engineer,130000,USD,130000,US,100,US,M
2023,SE,FT,Data Analyst,169000,USD,169000,US,0,US,M
2023,SE,FT,Data Analyst,110600,USD,110600,US,0,US,M
2023,SE,FT,Data Operations Engineer,193000,USD,193000,US,100,US,M
2023,SE,FT,Data Operations Engineer,136850,USD,136850,US,100,US,M
2023,SE,FT,Machine Learning Engineer,139500,USD,139500,US,0,US,M
2023,SE,FT,Machine Learning Engineer,109400,USD,109400,US,0,US,M
2023,SE,FT,Data Engineer,276000,USD,276000,US,100,US,M
2023,SE,FT,Data Engineer,178500,USD,178500,US,100,US,M
2023,MI,FT,Data Scientist,55000,EUR,59020,ES,0,ES,M
2023,MI,FT,Data Scientist,45000,EUR,48289,ES,0,ES,M
2023,MI,FT,Data Engineer,70000,EUR,75116,SI,100,SI,M
2023,MI,FT,Data Engineer,45000,EUR,48289,SI,100,SI,M
2023,SE,FT,Machine Learning Engineer,161000,GBP,195652,GB,0,GB,M
2023,SE,FT,Machine Learning Engineer,83300,GBP,101228,GB,0,GB,M
2023,SE,FT,Data Engineer,112700,GBP,136956,GB,0,GB,M
2023,SE,FT,Data Engineer,83300,GBP,101228,GB,0,GB,M
2023,SE,FT,Data Engineer,252000,USD,252000,US,0,US,M
2023,SE,FT,Data Engineer,129000,USD,129000,US,0,US,M
2022,SE,FT,BI Developer,130000,USD,130000,US,100,US,L
2021,MI,FT,Data Science Lead,150000,USD,150000,US,100,US,M
2023,SE,FT,Data Engineer,163800,USD,163800,US,0,US,M
2023,SE,FT,Data Engineer,126000,USD,126000,US,0,US,M
2023,SE,FT,ML Engineer,260000,USD,260000,CA,100,CA,M
2023,SE,FT,ML Engineer,110000,USD,110000,CA,100,CA,M
2023,SE,FT,Analytics Engineer,170000,USD,170000,US,100,US,M
2023,SE,FT,Analytics Engineer,130000,USD,130000,US,100,US,M
2023,SE,FT,Machine Learning Engineer,247500,USD,247500,US,0,US,M
2023,SE,FT,Machine Learning Engineer,172200,USD,172200,US,0,US,M
2023,SE,FT,Data Scientist,239748,USD,239748,US,0,US,M
2023,SE,FT,Data Scientist,159832,USD,159832,US,0,US,M
2023,SE,FT,Machine Learning Engineer,163800,USD,163800,US,0,US,M
2023,SE,FT,Machine Learning Engineer,126000,USD,126000,US,0,US,M
2023,MI,FT,Data Scientist,128750,USD,128750,US,0,US,M
2023,MI,FT,Data Scientist,106250,USD,106250,US,0,US,M
2023,SE,FT,Data Engineer,252000,USD,252000,US,0,US,M
2023,SE,FT,Data Engineer,129000,USD,129000,US,0,US,M
2023,SE,FT,Data Science Manager,299500,USD,299500,US,0,US,M
2023,SE,FT,Data Science Manager,245100,USD,245100,US,0,US,M
2023,MI,FT,Data Analytics Manager,155000,USD,155000,US,0,US,M
2023,MI,FT,Data Analytics Manager,140000,USD,140000,US,0,US,M
2023,EX,FT,Data Engineer,167500,USD,167500,US,0,US,M
2023,EX,FT,Data Engineer,106500,USD,106500,US,0,US,M
2023,SE,FT,Data Architect,188500,USD,188500,US,100,US,M
2023,SE,FT,Data Architect,117000,USD,117000,US,100,US,M
2023,SE,FT,Data Analyst,250000,USD,250000,US,100,US,M
2023,SE,FT,Data Analyst,138000,USD,138000,US,100,US,M
2023,MI,FT,Data Analyst,130000,USD,130000,CA,100,CA,M
2023,MI,FT,Data Analyst,100000,USD,100000,CA,100,CA,M
2023,SE,FT,Deep Learning Researcher,115000,EUR,123405,DE,0,DE,L
2023,SE,FT,Data Engineer,140000,USD,140000,US,0,US,M
2023,SE,FT,Data Engineer,120000,USD,120000,US,0,US,M
2023,SE,FT,BI Analyst,160000,USD,160000,US,0,US,M
2023,SE,FT,BI Analyst,135000,USD,135000,US,0,US,M
2023,MI,FT,Data Science Manager,104500,USD,104500,US,0,US,M
2023,MI,FT,Data Science Manager,70000,USD,70000,US,0,US,M
2023,MI,FT,Data Science Consultant,90000,USD,90000,US,0,US,M
2023,MI,FT,Data Science Consultant,70000,USD,70000,US,0,US,M
2023,SE,FT,Data Engineer,153600,USD,153600,US,100,US,M
2023,SE,FT,Data Engineer,106800,USD,106800,US,100,US,M
2023,EN,FT,Data Engineer,125000,USD,125000,US,0,US,M
2023,EN,FT,Data Engineer,90000,USD,90000,US,0,US,M
2023,MI,FT,Research Scientist,185000,USD,185000,US,100,US,M
2023,MI,FT,Research Scientist,125000,USD,125000,US,100,US,M
2023,SE,FT,Data Analyst,127000,USD,127000,US,100,US,M
2023,SE,FT,Data Analyst,94000,USD,94000,US,100,US,M
2023,SE,FT,Data Scientist,210550,USD,210550,US,0,US,M
2023,SE,FT,Data Scientist,153300,USD,153300,US,0,US,M
2023,MI,FT,Data Scientist,200000,USD,200000,US,100,US,M
2023,MI,FT,Data Scientist,150000,USD,150000,US,100,US,M
2023,SE,FT,Data Analyst,161500,USD,161500,US,100,US,M
2023,SE,FT,Data Analyst,119500,USD,119500,US,100,US,M
2023,SE,FT,Data Analyst,175000,USD,175000,US,0,US,M
2023,SE,FT,Data Analyst,145000,USD,145000,US,0,US,M
2023,SE,FT,Data Scientist,175000,USD,175000,US,0,US,M
2023,SE,FT,Data Scientist,148750,USD,148750,US,0,US,M
2023,SE,FT,Data Analytics Specialist,105000,USD,105000,US,0,US,M
2023,SE,FT,Data Analytics Specialist,85000,USD,85000,US,0,US,M
2023,SE,FT,Research Scientist,215000,USD,215000,US,0,US,M
2023,SE,FT,Research Scientist,146300,USD,146300,US,0,US,M
2023,EN,FT,AI Developer,200000,EUR,214618,DE,100,DE,L
2023,MI,FT,Data Engineer,72000,USD,72000,MX,100,MX,M
2023,MI,FT,Data Engineer,60000,USD,60000,MX,100,MX,M
2023,SE,FT,Machine Learning Engineer,153400,USD,153400,US,0,US,M
2023,SE,FT,Machine Learning Engineer,122700,USD,122700,US,0,US,M
2023,MI,FT,Data Engineer,260000,USD,260000,US,0,US,M
2023,MI,FT,Data Engineer,175000,USD,175000,US,0,US,M
2023,SE,FT,Data Scientist,186300,USD,186300,US,100,US,M
2023,SE,FT,Data Scientist,123900,USD,123900,US,100,US,M
2023,MI,FT,Research Scientist,340000,USD,340000,US,100,US,M
2023,MI,FT,Research Scientist,150000,USD,150000,US,100,US,M
2023,SE,FT,Machine Learning Engineer,153400,USD,153400,US,0,US,M
2023,SE,FT,Machine Learning Engineer,122700,USD,122700,US,0,US,M
2023,MI,FT,Data Engineer,250000,USD,250000,US,0,US,M
2023,MI,FT,Data Engineer,175000,USD,175000,US,0,US,M
2023,MI,FT,Data Scientist,60000,EUR,64385,FR,50,FR,M
2023,SE,FT,Data Analyst,185900,USD,185900,US,0,US,M
2023,SE,FT,Data Analyst,121700,USD,121700,US,0,US,M
2023,SE,FT,Data Analyst,153600,USD,153600,US,0,US,M
2023,SE,FT,Data Analyst,106800,USD,106800,US,0,US,M
2023,SE,FL,Software Data Engineer,50000,USD,50000,NG,50,AU,M
2023,EN,FT,Data Analyst,100000,USD,100000,UZ,100,US,L
2023,SE,FT,Machine Learning Engineer,247500,USD,247500,US,0,US,M
2023,SE,FT,Machine Learning Engineer,172200,USD,172200,US,0,US,M
2023,EX,FT,Data Engineer,310000,USD,310000,US,100,US,M
2023,EX,FT,Data Engineer,239000,USD,239000,US,100,US,M
2023,SE,FT,Data Analyst,125000,USD,125000,US,0,US,M
2023,SE,FT,Data Analyst,110000,USD,110000,US,0,US,M
2023,EN,FT,Data Analyst,150000,USD,150000,US,0,US,M
2023,EN,FT,Data Analyst,100000,USD,100000,US,0,US,M
2023,SE,FT,Data Scientist,149076,USD,149076,US,0,US,M
2023,SE,FT,Data Scientist,82365,USD,82365,US,0,US,M
2023,MI,FT,Data Engineer,146000,USD,146000,US,0,US,M
2023,MI,FT,Data Engineer,75000,USD,75000,US,0,US,M
2023,SE,FT,Machine Learning Engineer,139500,USD,139500,US,0,US,M
2023,SE,FT,Machine Learning Engineer,109400,USD,109400,US,0,US,M
2023,SE,FT,Data Engineer,139500,USD,139500,US,0,US,M
2023,SE,FT,Data Engineer,109400,USD,109400,US,0,US,M
2023,MI,FT,Data Engineer,149600,USD,149600,US,0,US,M
2023,MI,FT,Data Engineer,102000,USD,102000,US,0,US,M
2023,MI,FT,Data Analyst,80000,GBP,97218,GB,0,GB,M
2023,MI,FT,Data Analyst,40000,GBP,48609,GB,0,GB,M
2023,SE,FT,Data Engineer,252000,USD,252000,US,0,US,M
2023,SE,FT,Data Engineer,129000,USD,129000,US,0,US,M
2023,SE,FT,Data Analyst,95000,USD,95000,US,0,US,M
2023,SE,FT,Data Analyst,85500,USD,85500,US,0,US,M
2023,SE,FT,Data Analyst,185900,USD,185900,US,0,US,M
2023,SE,FT,Data Analyst,121700,USD,121700,US,0,US,M
2023,EN,FT,Research Scientist,150000,USD,150000,US,0,US,M
2023,EN,FT,Research Scientist,100000,USD,100000,US,0,US,M
2023,MI,FT,Data Engineer,145000,USD,145000,US,0,US,M
2023,MI,FT,Data Engineer,125000,USD,125000,US,0,US,M
2023,MI,FT,Data Scientist,150000,USD,150000,US,100,US,M
2023,MI,FT,Data Scientist,97750,USD,97750,US,100,US,M
2023,SE,FT,Data Scientist,201000,USD,201000,US,0,US,M
2023,SE,FT,Data Scientist,122000,USD,122000,US,0,US,M
2023,SE,FT,Data Engineer,252000,USD,252000,US,0,US,M
2023,SE,FT,Data Engineer,129000,USD,129000,US,0,US,M
2023,SE,FT,Data Analyst,120000,USD,120000,US,100,US,M
2023,SE,FT,Data Analyst,75000,USD,75000,US,100,US,M
2023,MI,FT,Data Scientist,116990,USD,116990,US,100,US,M
2023,MI,FT,Data Scientist,82920,USD,82920,US,100,US,M
2023,SE,FT,Data Scientist,185900,USD,185900,US,0,US,M
2023,SE,FT,Data Scientist,129300,USD,129300,US,0,US,M
2023,MI,FT,Machine Learning Scientist,200000,USD,200000,US,0,US,S
2023,MI,FT,Machine Learning Scientist,125000,USD,125000,US,0,US,S
2023,SE,FT,Data Scientist,201000,USD,201000,US,0,US,M
2023,SE,FT,Data Scientist,122000,USD,122000,US,0,US,M
2023,SE,FT,Machine Learning Engineer,204500,USD,204500,US,0,US,M
2023,SE,FT,Machine Learning Engineer,142200,USD,142200,US,0,US,M
2023,SE,FT,Data Manager,155000,USD,155000,US,0,US,M
2023,SE,FT,Data Manager,140000,USD,140000,US,0,US,M
2023,MI,FT,Machine Learning Infrastructure Engineer,205920,USD,205920,US,0,US,M
2023,MI,FT,Machine Learning Infrastructure Engineer,171600,USD,171600,US,0,US,M
2023,SE,FT,Data Engineer,121500,USD,121500,US,100,US,M
2023,SE,FT,Data Engineer,78000,USD,78000,US,100,US,M
2023,MI,FT,Data Engineer,154000,USD,154000,US,0,US,M
2023,MI,FT,Data Engineer,116000,USD,116000,US,0,US,M
2023,SE,FT,Data Scientist,190000,USD,190000,US,0,US,M
2023,SE,FT,Data Scientist,136000,USD,136000,US,0,US,M
2023,MI,FT,Data Analyst,65000,GBP,78990,GB,100,GB,M
2023,MI,FT,Data Analyst,36050,GBP,43809,GB,100,GB,M
2023,SE,FT,Data Analyst,180000,USD,180000,US,0,US,M
2023,SE,FT,Data Analyst,110000,USD,110000,US,0,US,M
2023,SE,FT,Data Scientist,275300,USD,275300,US,100,US,M
2023,SE,FT,Data Scientist,183000,USD,183000,US,100,US,M
2023,SE,FT,Data Engineer,170000,USD,170000,US,0,US,M
2023,SE,FT,Data Engineer,140000,USD,140000,US,0,US,M
2023,SE,FT,Data Engineer,154000,USD,154000,US,0,US,M
2023,SE,FT,Data Engineer,116000,USD,116000,US,0,US,M
2023,SE,FT,Data Engineer,160000,USD,160000,US,100,US,M
2023,SE,FT,Data Engineer,130000,USD,130000,US,100,US,M
2023,MI,FT,Data Engineer,200000,USD,200000,US,0,US,M
2023,MI,FT,Data Engineer,120000,USD,120000,US,0,US,M
2023,SE,FT,Data Scientist,175000,USD,175000,US,100,US,M
2023,SE,FT,Data Scientist,160000,USD,160000,US,100,US,M
2023,MI,FT,Data Engineer,105000,GBP,127599,GB,0,GB,M
2023,MI,FT,Data Engineer,85000,GBP,103294,GB,0,GB,M
2023,SE,FT,Data Engineer,153600,USD,153600,US,0,US,M
2023,SE,FT,Data Engineer,106800,USD,106800,US,0,US,M
2023,EN,FT,Data Analyst,85000,USD,85000,US,100,US,M
2023,EN,FT,Data Analyst,75000,USD,75000,US,100,US,M
2023,SE,FT,Data Scientist,225000,USD,225000,US,0,US,M
2023,SE,FT,Data Scientist,156400,USD,156400,US,0,US,M
2023,SE,FT,Analytics Engineer,150000,USD,150000,US,0,US,M
2023,SE,FT,Analytics Engineer,120000,USD,120000,US,0,US,M
2023,SE,FT,Machine Learning Engineer,163800,USD,163800,US,0,US,M
2023,SE,FT,Machine Learning Engineer,126000,USD,126000,US,0,US,M
2023,SE,FT,Data Analyst,145000,USD,145000,US,100,US,M
2023,SE,FT,Data Analyst,90000,USD,90000,US,100,US,M
2023,SE,FT,Machine Learning Engineer,204500,USD,204500,US,0,US,M
2023,SE,FT,Machine Learning Engineer,142200,USD,142200,US,0,US,M
2023,SE,FT,Data Analyst,95000,USD,95000,US,0,US,M
2023,SE,FT,Data Analyst,85500,USD,85500,US,0,US,M
2023,SE,FT,Data Engineer,167500,USD,167500,US,0,US,M
2023,SE,FT,Data Engineer,106500,USD,106500,US,0,US,M
2023,SE,FT,Data Engineer,163800,USD,163800,US,0,US,M
2023,SE,FT,Data Engineer,126000,USD,126000,US,0,US,M
2023,MI,FT,Data Analytics Manager,155000,USD,155000,US,0,US,M
2023,MI,FT,Data Analytics Manager,140000,USD,140000,US,0,US,M
2023,SE,FT,Research Scientist,250000,USD,250000,US,0,US,M
2023,SE,FT,Research Scientist,200000,USD,200000,US,0,US,M
2023,SE,FT,Data Scientist,260000,USD,260000,US,0,US,M
2023,SE,FT,Data Scientist,186000,USD,186000,US,0,US,M
2023,SE,FT,Data Engineer,160000,USD,160000,US,100,US,M
2023,SE,FT,Data Engineer,130000,USD,130000,US,100,US,M
2023,SE,FT,Research Scientist,200000,USD,200000,US,0,US,M
2023,SE,FT,Research Scientist,150000,USD,150000,US,0,US,M
2023,SE,FT,Data Scientist,45000,EUR,48289,ES,0,ES,M
2023,SE,FT,Data Scientist,36000,EUR,38631,ES,0,ES,M
2023,SE,FT,Data Scientist,150000,USD,150000,US,0,US,M
2023,SE,FT,Data Scientist,120000,USD,120000,US,0,US,M
2023,EN,FT,Data Analyst,30000,USD,30000,IN,50,IN,M
2023,MI,FT,Research Scientist,185000,USD,185000,US,0,US,M
2023,MI,FT,Research Scientist,125000,USD,125000,US,0,US,M
2022,EN,PT,Data Analyst,34320,USD,34320,US,100,US,S
2022,MI,FT,Business Data Analyst,48000,BRL,9289,BR,100,BR,M
2023,SE,FT,Head of Data,70000,EUR,75116,PT,100,PT,L
2022,EX,FT,Data Science Manager,106000,USD,106000,UZ,0,RU,L
2023,SE,FT,Data Analyst,175000,USD,175000,US,100,US,M
2023,SE,FT,Data Analyst,130000,USD,130000,US,100,US,M
2023,SE,FT,Data Analyst,122000,USD,122000,US,100,US,M
2023,SE,FT,Data Analyst,93800,USD,93800,US,100,US,M
2023,SE,FT,Data Science Manager,150000,USD,150000,MX,100,MX,M
2023,SE,FT,Data Science Manager,90000,USD,90000,MX,100,MX,M
2023,SE,FT,Data Analyst,165000,USD,165000,US,100,US,M
2023,SE,FT,Data Analyst,112000,USD,112000,US,100,US,M
2023,EN,FT,Computer Vision Engineer,220000,USD,220000,US,0,US,M
2023,SE,FT,BI Data Analyst,67000,EUR,71897,DE,100,DE,M
2023,EN,FT,AI Developer,60000,EUR,64385,DE,0,DE,M
2023,SE,FT,Machine Learning Engineer,204500,USD,204500,US,0,US,M
2023,SE,FT,Machine Learning Engineer,142200,USD,142200,US,0,US,M
2023,SE,FT,Data Analyst,1300000,INR,15806,IN,100,IN,S
2023,MI,FT,Machine Learning Engineer,200000,USD,200000,US,0,US,M
2023,MI,FT,Machine Learning Engineer,175000,USD,175000,US,0,US,M
2023,SE,FT,Data Engineer,185900,USD,185900,US,0,US,M
2023,SE,FT,Data Engineer,129300,USD,129300,US,0,US,M
2023,SE,FT,Data Analyst,185900,USD,185900,US,0,US,M
2023,SE,FT,Data Analyst,121700,USD,121700,US,0,US,M
2023,SE,FT,Machine Learning Engineer,204500,USD,204500,US,0,US,M
2023,SE,FT,Machine Learning Engineer,142200,USD,142200,US,0,US,M
2023,MI,FT,Data Scientist,40000,USD,40000,FR,50,FR,L
2023,SE,FT,Data Science Consultant,1000000,THB,29453,TH,50,TH,M
